preference_id,user_id,top_cities,top_hotels,top_restaurants,top_airlines,visa_preference,preferred_flight_price_range,preferred_hotel_price_range,preferred_cuisines,bucket_list_destinations
PREc18a51,USER888a0c4b,"['London', 'Dubai', 'New York']","['HOT454946', 'HOT08278d', 'HOT93b5d6']","['RESTO1d0984', 'RESTOe1162d', 'RESTOc0b4cb']","['Vistara', 'Emirates', 'NovoAir']",Visa Free,400-499€,350-399€,"['American, Burger', 'Indian', 'Italian']","['İstanbul', 'Sharjah', 'Edinburgh', 'Athens', 'Las Vegas', 'Manchester']"
PRE251831,USER02b5953b,"['New York', 'Istanbul', 'London']","['HOT7356a8', 'HOT3915d1', 'HOT1b1a34']","['RESTO03b7b2', 'RESTO0d36de', 'RESTOc0b4cb']","['Lufthansa', 'Vistara', 'Kuwait Airways']",Visa Required,900-999€,200-249€,"['American, Burger', 'Italian', 'Chinese, Dim Sum']","['İstanbul', 'Manchester', 'Dubai', 'Ankara', 'Las Vegas', 'Albany', 'Savannah', 'Orlando']"
PRE96b3b2,USERa63b98a9,"['Istanbul', 'Dubai', 'London']","['HOT3fb1cd', 'HOTad404c', 'HOT471596']","['RESTO91daaa', 'RESTO64fcf0', 'RESTOcf3e0c']","['Lufthansa', 'Air India', 'Air Arabia']",Visa Required,800-899€,300-349€,"['American, Burger', 'Indian', 'Chinese, Dim Sum']","['Manchester', 'New York', 'New York City', 'Edinburgh', 'Savannah', 'Las Vegas', 'Orlando', 'İstanbul', 'Abu Dhabi', 'Ankara']"
PRE7abcb2,USERd138ec8c,"['New York', 'Istanbul']","['HOT46ddb2', 'HOT729339']",[],"['US-Bangla Airlines', 'Malaysian Airlines', 'Turkish Airlines']",Visa Free,200-299€,150-199€,[],"['Edinburgh', 'Orlando', 'Ankara', 'Dubai', 'Sharjah', 'Las Vegas', 'Manchester', 'London']"
PRE758672,USERdb93b5f6,"['Dubai', 'London', 'Istanbul']","['HOT3fb1cd', 'HOT471596', 'HOT179af9']","['RESTObe3105', 'RESTO91daaa', 'RESTO301769']","['Air India', 'Qatar Airways', 'Gulf Air']",Visa Required,800-899€,500-549€,"['Indian', 'American, Burger', 'Mediterranean, Italian, Thai, European']","['Orlando', 'New York City']"
PRE16fa8a,USER3cf44998,"['New York', 'London', 'Istanbul']","['HOT93b5d6', 'HOT106713']","['RESTO8d65c2', 'RESTO6bc0e3', 'RESTOe1162d']","['Cathay Pacific', 'Etihad Airways', 'Saudia']",Visa Required,800-899€,250-299€,"['Japanese, Sushi', 'Italian', 'Steak']","['Athens', 'Orlando', 'Manchester', 'İstanbul', 'Albany', 'Edinburgh', 'Sharjah', 'Abu Dhabi', 'Dubai', 'Savannah']"
PREdc1b71,USER98711153,"['Dubai', 'Istanbul', 'New York']","['HOT471596', 'HOT179af9', 'HOTa97f28']","['RESTO2fc452', 'RESTOd65a0c', 'RESTO157846']","['US-Bangla Airlines', 'Saudia', 'Biman Bangladesh Airlines']",Visa Free,1200-1299€,300-349€,"['Indian', 'Mediterranean, Italian, Thai, European', 'Indian, Rajasthani']","['Sharjah', 'Athens', 'İstanbul']"
PREcac5c5,USER864fa037,"['Dubai', 'New York']","['HOTad404c', 'HOTe5da72', 'HOT13e0df']","['RESTO265fd6', 'RESTOc811dd', 'RESTOcf3e0c']","['Cathay Pacific', 'Saudia']",Visa Required,700-799€,350-399€,"['Indian', 'Mediterranean, Italian, Thai, European', 'Indian, Rajasthani']","['Edinburgh', 'İstanbul', 'Abu Dhabi', 'Savannah', 'Manchester', 'Las Vegas', 'London', 'Orlando', 'Athens']"
PRE1b524e,USER7fd57a21,"['New York', 'Dubai']",['HOTe2489d'],"['RESTOeaf22e', 'RESTO2fc452', 'RESTOc811dd']","['Cathay Pacific', 'Etihad Airways', 'Lufthansa']",Visa Required,500-599€,100-149€,"['Indian, North Indian', 'Continental, Indian', 'Indian']","['Las Vegas', 'New York City', 'Istanbul', 'Edinburgh', 'Athens', 'Albany', 'Manchester', 'Sharjah']"
PRE1e72bd,USERe51db555,"['London', 'Istanbul', 'Dubai']","['HOTbdde71', 'HOT48b258', 'HOT7d7b83']","['RESTO3c208c', 'RESTOe1162d', 'RESTO33b6b9']","['NovoAir', 'SriLankan Airlines', 'Air India']",Visa Free,1100-1199€,300-349€,"['Indian', 'American, Burger', 'Italian']","['Sharjah', 'Abu Dhabi', 'Savannah', 'İstanbul', 'Orlando', 'New York City', 'Manchester']"
PREd9e1c2,USER5e5e1a7c,"['New York', 'Dubai', 'Istanbul']","['HOT3eb17c', 'HOT654071', 'HOT179af9']","['RESTO301769', 'RESTObe3105', 'RESTOd4a290']","['Thai Airways', 'Gulf Air', 'AirAsia']",Visa Required,800-899€,350-399€,"['Indian', 'Mediterranean, Italian, Thai, European', 'Indian, Rajasthani']","['London', 'Edinburgh', 'Las Vegas', 'New York City', 'Manchester', 'Orlando', 'Savannah']"
PREb201a1,USERfb9de427,"['London', 'Dubai', 'New York']","['HOTbdde71', 'HOT66d7f4', 'HOTb74b93']","['RESTO03b7b2', 'RESTO78189b', 'RESTOfeb448']","['Air Astra', 'SriLankan Airlines', 'Malaysian Airlines']",Visa Free,400-499€,250-299€,"['American, Burger', 'Indian', 'Italian']","['Ankara', 'Manchester', 'Athens', 'Las Vegas', 'Orlando']"
PRE8d8c64,USERfbb18786,"['London', 'Istanbul', 'New York']","['HOTb12a6f', 'HOT08278d', 'HOTa97f28']","['RESTO03b7b2', 'RESTO33b6b9', 'RESTOfeb448']","['Emirates', 'AirAsia', 'Saudia']",Visa Required,1800-1899€,250-299€,"['American, Burger', 'Italian', 'Chinese, Dim Sum']","['Dubai', 'İstanbul', 'Sharjah', 'Ankara', 'Albany', 'Abu Dhabi', 'New York City', 'Orlando', 'Manchester']"
PRE60f433,USER6b5b7565,"['London', 'Dubai', 'Istanbul']","['HOTdf7676', 'HOTc87b68', 'HOT3fb1cd']","['RESTO8a18c6', 'RESTO1d0984', 'RESTO0d36de']","['SriLankan Airlines', 'Air India', 'Etihad Airways']",Visa Required,800-899€,350-399€,"['American, Burger', 'Indian', 'Italian']","['Sharjah', 'Albany', 'Las Vegas', 'Orlando', 'Abu Dhabi', 'Savannah', 'New York City', 'İstanbul', 'Ankara']"
PRE3ca09c,USERbcd274c7,"['London', 'New York', 'Istanbul']","['HOT843998', 'HOT3915d1', 'HOTdf7676']","['RESTO1ac4e3', 'RESTOe1162d', 'RESTO82e2a6']","['US-Bangla Airlines', 'NovoAir', 'Qatar Airways']",Visa Free,1100-1199€,350-399€,"['American, Burger', 'Indian', 'Italian']","['Las Vegas', 'İstanbul', 'Manchester', 'Edinburgh', 'New York City', 'Albany', 'Savannah', 'Abu Dhabi', 'Ankara', 'Athens']"
PRE6b7daf,USER6e23b9a1,"['Dubai', 'London']","['HOTcbe623', 'HOTf0b6ac', 'HOT843998']","['RESTO301769', 'RESTOd4a290', 'RESTO91daaa']","['Kuwait Airways', 'IndiGo', 'FlyDubai']",Visa Required,1100-1199€,400-449€,"['American, Burger', 'Indian', 'Italian']","['Athens', 'Manchester', 'Istanbul', 'İstanbul', 'Sharjah', 'New York', 'Ankara', 'Abu Dhabi', 'Savannah']"
PRE9454e9,USERc605a006,"['London', 'Istanbul']","['HOTf0b6ac', 'HOT8031c6', 'HOT729339']","['RESTO1d0984', 'RESTO3c208c', 'RESTO82e2a6']","['Turkish Airlines', 'NovoAir', 'Lufthansa']",Visa Required,1200-1299€,200-249€,"['American, Burger', 'Italian', 'Chinese, Dim Sum']","['Dubai', 'Ankara', 'İstanbul']"
PRE059084,USER6222e9b3,"['New York', 'London', 'Dubai']","['HOT8031c6', 'HOT78365a', 'HOT8610df']","['RESTOe1162d', 'RESTO8d65c2', 'RESTO78189b']","['Etihad Airways', 'US-Bangla Airlines', 'Gulf Air']",Visa Free,1000-1099€,200-249€,"['American, Burger', 'Italian', 'Chinese, Dim Sum']","['İstanbul', 'Las Vegas', 'Orlando', 'New York City', 'Edinburgh', 'Ankara', 'Abu Dhabi', 'Sharjah', 'Albany']"
PREc24ca7,USER5e2ac19f,"['Dubai', 'London', 'New York']","['HOT471596', 'HOTe2489d', 'HOT321e12']","['RESTOd65a0c', 'RESTO157846', 'RESTO265fd6']","['AirAsia', 'FlyDubai', 'Air India']",Visa Required,700-799€,250-299€,"['American, Burger', 'Indian', 'Italian']","['Istanbul', 'Las Vegas', 'Savannah', 'Sharjah', 'New York City', 'İstanbul']"
PRE719481,USERfb2bc2c0,"['Istanbul', 'New York', 'Dubai']","['HOT0d761d', 'HOT46ddb2', 'HOT729339']","['RESTO82af76', 'RESTOeaf22e', 'RESTObe3105']","['Qatar Airways', 'Saudia', 'US-Bangla Airlines']",Visa Required,500-599€,400-449€,"['Indian', 'American, Burger', 'Japanese, Sushi']","['New York City', 'Savannah', 'Manchester', 'Orlando', 'Abu Dhabi', 'Sharjah', 'Athens']"
PREfc1947,USER3c71d072,"['London', 'Istanbul', 'Dubai']","['HOT843998', 'HOT7356a8', 'HOTbdde71']","['RESTO006c0c', 'RESTO8a18c6', 'RESTOc0b4cb']","['US-Bangla Airlines', 'FlyDubai', 'Qatar Airways']",Visa Free,700-799€,350-399€,"['American, Burger', 'Indian', 'Italian']",['Edinburgh']
PRE4cec9d,USER075e212e,"['London', 'Dubai']","['HOTf0b6ac', 'HOTdaa5c9', 'HOT66d7f4']","['RESTOcd6e90', 'RESTO0d4f52', 'RESTO15602c']","['Singapore Airlines', 'Air Astra']",Visa Free,1300-1399€,400-449€,"['American, Burger', 'Italian', 'Chinese, Dim Sum']","['Abu Dhabi', 'İstanbul', 'Las Vegas', 'New York City', 'Athens', 'Savannah']"
PREf96395,USERcd47a9cf,"['New York', 'Istanbul', 'London']","['HOTbdde71', 'HOT729339', 'HOTabff8f']","['RESTO1d0984', 'RESTO1ac4e3', 'RESTO82e2a6']","['British Airways', 'Air India', 'FlyDubai']",Visa Free,1000-1099€,150-199€,"['Indian', 'American, Burger', 'Mediterranean, Italian, Thai, European']","['İstanbul', 'New York City', 'Sharjah', 'Orlando', 'Abu Dhabi', 'Ankara', 'Savannah', 'Edinburgh', 'Albany']"
PREd4b93c,USER58868211,"['London', 'Dubai', 'Istanbul']","['HOTc87b68', 'HOT3eb17c', 'HOT179af9']","['RESTOe1162d', 'RESTO6bc0e3', 'RESTO8a18c6']","['Saudia', 'Gulf Air', 'US-Bangla Airlines']",Visa Required,800-899€,250-299€,"['American, Burger', 'Indian', 'Italian']","['New York', 'Las Vegas']"
PRE268db5,USEReb11f57d,"['London', 'New York', 'Istanbul']","['HOTc22832', 'HOT106713', 'HOT7fc258']","['RESTO78189b', 'RESTOe1162d', 'RESTO8d65c2']","['British Airways', 'NovoAir', 'Kuwait Airways']",Visa Free,800-899€,200-249€,"['American, Burger', 'Italian', 'Chinese, Dim Sum']","['Athens', 'İstanbul', 'New York City', 'Manchester', 'Orlando', 'Ankara', 'Edinburgh', 'Sharjah', 'Albany']"
PREb998b3,USERf1a11085,"['London', 'Istanbul', 'New York']","['HOT0d761d', 'HOT1b1a34', 'HOT654071']","['RESTO33b6b9', 'RESTO0d36de', 'RESTO6bc0e3']","['British Airways', 'Emirates', 'Saudia']",Visa Free,300-399€,150-199€,"['American, Burger', 'Italian', 'Chinese, Dim Sum']","['New York City', 'İstanbul', 'Dubai', 'Savannah', 'Ankara', 'Orlando', 'Manchester', 'Las Vegas', 'Edinburgh', 'Athens']"
PRE7621f3,USER210e15db,"['New York', 'Dubai', 'London']","['HOTad404c', 'HOT3473a9', 'HOT3915d1']","['RESTOd4a290', 'RESTObe3105', 'RESTO006c0c']","['US-Bangla Airlines', 'Malaysian Airlines', 'Saudia']",Visa Required,1300-1399€,300-349€,"['American, Burger', 'Italian', 'Japanese, Sushi']","['Istanbul', 'Athens', 'Manchester', 'Abu Dhabi', 'New York City', 'Orlando', 'Ankara']"
PRE06f63e,USER6c545e0f,"['Dubai', 'Istanbul', 'New York']","['HOTcb8aea', 'HOT106713', 'HOTcbf2d4']","['RESTO2fc452', 'RESTO301769', 'RESTO82af76']","['Thai Airways', 'Etihad Airways', 'AirAsia']",Visa Required,900-999€,300-349€,"['Indian', 'American, Burger', 'Mediterranean, Italian, Thai, European']","['Athens', 'Ankara', 'Las Vegas', 'Savannah', 'Sharjah', 'Edinburgh', 'New York City', 'Orlando']"
PREd5303c,USER2e5c172a,"['New York', 'Istanbul', 'Dubai']","['HOT0d761d', 'HOTc22832', 'HOTb74b93']","['RESTOcf3e0c', 'RESTO19112a', 'RESTO3ecf6c']","['Air India', 'Cathay Pacific', 'Vistara']",Visa Required,400-499€,300-349€,"['American, Burger', 'Indian', 'Italian']","['New York City', 'Edinburgh', 'Ankara', 'Las Vegas']"
PRE8c473b,USER1991006e,"['Istanbul', 'New York', 'Dubai']","['HOTcb8aea', 'HOT3473a9', 'HOTa76daa']","['RESTO265fd6', 'RESTO3e2212', 'RESTO19112a']","['British Airways', 'SriLankan Airlines', 'Lufthansa']",Visa Required,1100-1199€,300-349€,"['American, Burger', 'Indian', 'Italian']","['Albany', 'Orlando', 'İstanbul', 'Savannah', 'Edinburgh', 'Abu Dhabi', 'Sharjah', 'Manchester', 'Las Vegas', 'Athens']"
PRE57a417,USER193e6e63,"['Istanbul', 'New York']","['HOTe48f8c', 'HOTcbf2d4', 'HOT0d761d']",[],"['Air Astra', 'SriLankan Airlines', 'Saudia']",Visa Required,1300-1399€,150-199€,[],['New York City']
PREec1b37,USER67373204,"['Dubai', 'London']","['HOTad404c', 'HOT471596', 'HOTd64b28']","['RESTOcf3e0c', 'RESTOc811dd', 'RESTO588994']","['Emirates', 'Qatar Airways', 'Saudia']",Visa Required,1700-1799€,350-399€,"['American, Burger', 'Indian', 'Italian']","['İstanbul', 'Sharjah', 'Edinburgh', 'Las Vegas', 'Orlando', 'New York']"
PREd309a0,USER2160d9b4,"['London', 'Dubai', 'New York']","['HOT48b258', 'HOT0b9e7e', 'HOT729339']","['RESTO0d4f52', 'RESTO3c208c', 'RESTO879f0f']","['Air India', 'Air Arabia', 'Turkish Airlines']",Visa Required,1200-1299€,300-349€,"['American, Burger', 'Indian', 'Italian']","['Las Vegas', 'Orlando']"
PRE08ec9a,USERe711418e,"['Dubai', 'London', 'Istanbul']","['HOT08278d', 'HOT280fd9', 'HOT654071']","['RESTO879f0f', 'RESTO64fcf0', 'RESTO588994']","['Malaysian Airlines', 'Air India', 'US-Bangla Airlines']",Visa Free,600-699€,300-349€,"['Indian', 'American, Burger', 'Chinese, Dim Sum']","['Albany', 'Ankara', 'Abu Dhabi', 'İstanbul', 'Edinburgh', 'Las Vegas']"
PREcbcc63,USER14c3760d,"['Dubai', 'New York', 'Istanbul']","['HOTe2489d', 'HOT9f31bc', 'HOTcb8aea']","['RESTO64fcf0', 'RESTO265fd6', 'RESTO2fc452']","['SriLankan Airlines', 'Cathay Pacific', 'US-Bangla Airlines']",Visa Required,800-899€,250-299€,"['Indian', 'American, Burger', 'Chinese, Dim Sum']","['Savannah', 'Las Vegas', 'Sharjah', 'Manchester', 'İstanbul', 'Orlando']"
PREf69e10,USERcb889026,"['London', 'Dubai', 'New York']","['HOT13e0df', 'HOT8610df', 'HOT3915d1']","['RESTO03b7b2', 'RESTOc0b4cb', 'RESTO006c0c']","['Qatar Airways', 'Air Astra', 'Cathay Pacific']",Visa Free,800-899€,150-199€,"['American, Burger', 'Indian', 'Italian']","['Orlando', 'Albany', 'New York City', 'Abu Dhabi', 'Athens']"
PRE2451b4,USER2338e055,"['Dubai', 'London']","['HOTb66964', 'HOT3473a9', 'HOT179af9']","['RESTOc811dd', 'RESTO91daaa', 'RESTOd4a290']","['Lufthansa', 'British Airways', 'Saudia']",Visa Required,300-399€,400-449€,"['American, Burger', 'Indian', 'Chinese, Dim Sum']","['New York City', 'Abu Dhabi', 'Athens', 'Albany', 'Orlando', 'Ankara', 'Manchester', 'New York']"
PREc8af0f,USER292739c7,"['London', 'Dubai', 'Istanbul']","['HOT471596', 'HOTa97f28', 'HOT454946']","['RESTO78189b', 'RESTOcd6e90', 'RESTOd65a0c']","['Biman Bangladesh Airlines', 'SriLankan Airlines', 'Kuwait Airways']",Visa Free,1400-1499€,350-399€,"['American, Burger', 'Indian', 'Italian']","['Orlando', 'Athens', 'Sharjah', 'New York City', 'Manchester', 'İstanbul', 'Ankara', 'Edinburgh', 'Las Vegas', 'Savannah']"
PREe66e09,USERcdddb6ab,"['Dubai', 'New York', 'Istanbul']","['HOT13e0df', 'HOT52ca85', 'HOT1b1a34']","['RESTO588994', 'RESTObe3105', 'RESTO8b1c60']","['Vistara', 'Malaysian Airlines', 'Qatar Airways']",Visa Free,1300-1399€,200-249€,"['Indian', 'Mediterranean, Italian, Thai, European', 'Indian, North Indian']","['Las Vegas', 'Manchester', 'İstanbul', 'London', 'New York City', 'Savannah', 'Orlando', 'Edinburgh', 'Abu Dhabi', 'Ankara']"
PRE92049f,USERb4191586,"['Dubai', 'New York', 'Istanbul']","['HOT9c79bf', 'HOT48b258', 'HOT654071']","['RESTO879f0f', 'RESTOd65a0c', 'RESTO4b852f']","['Air India', 'Gulf Air', 'NovoAir']",Visa Required,1300-1399€,350-399€,"['Indian', 'Indian, North Indian', 'Continental, Indian']",['New York City']
PRE3faaf9,USER68f49965,"['Istanbul', 'London', 'Dubai']","['HOT81dfcb', 'HOT106713', 'HOTc87b68']","['RESTOcd6e90', 'RESTO8d65c2', 'RESTO6bc0e3']","['IndiGo', 'FlyDubai', 'Kuwait Airways']",Visa Required,500-599€,300-349€,"['Indian', 'American, Burger', 'Japanese, Sushi']",['Edinburgh']
PREa3367e,USER9dc14e6f,"['Dubai', 'Istanbul', 'London']","['HOT46cd99', 'HOTc22832', 'HOT66d7f4']","['RESTO91daaa', 'RESTO3e2212', 'RESTO3ecf6c']","['Thai Airways', 'Air Astra', 'Qatar Airways']",Visa Free,1100-1199€,350-399€,"['American, Burger', 'Indian', 'Italian']","['İstanbul', 'Abu Dhabi', 'New York City', 'Orlando', 'Sharjah', 'Las Vegas', 'Savannah', 'Athens', 'Ankara', 'New York']"
PREe11a0a,USERd2d25969,"['Istanbul', 'New York']","['HOT7e45e9', 'HOTa97f28', 'HOT729339']",[],"['Gulf Air', 'Qatar Airways', 'Cathay Pacific']",Visa Free,1300-1399€,250-299€,[],"['İstanbul', 'Manchester', 'Orlando', 'London', 'New York City', 'Edinburgh']"
PREbcb5ab,USERdd016d4b,"['New York', 'London', 'Dubai']","['HOT843998', 'HOTbdde71', 'HOT31d525']","['RESTO8a18c6', 'RESTO1d0984', 'RESTOe1162d']","['Lufthansa', 'AirAsia', 'FlyDubai']",Visa Free,1600-1699€,450-499€,"['American, Burger', 'Indian', 'Italian']","['Manchester', 'Istanbul', 'New York City', 'İstanbul']"
PREe62a34,USERd1dd907e,"['Dubai', 'New York', 'London']","['HOT3fb1cd', 'HOT9c79bf', 'HOTb6818d']","['RESTO301769', 'RESTOd4a290', 'RESTO588994']","['Qatar Airways', 'Biman Bangladesh Airlines', 'Etihad Airways']",Visa Required,1000-1099€,400-449€,"['American, Burger', 'Indian', 'Italian']","['Albany', 'Las Vegas', 'Manchester', 'İstanbul', 'Abu Dhabi', 'New York City', 'Ankara', 'Edinburgh']"
PRE0e618d,USER0df99d04,"['Istanbul', 'London', 'New York']","['HOTe48f8c', 'HOT0d761d', 'HOT280fd9']","['RESTO8a18c6', 'RESTO0d36de', 'RESTOb9a21a']","['Air Astra', 'US-Bangla Airlines', 'Air India']",Visa Required,500-599€,150-199€,"['American, Burger', 'British', 'Chinese, Dim Sum']",['Dubai']
PREa1718f,USERf954ced4,"['Istanbul', 'New York']","['HOT7d7b83', 'HOT46ddb2']",[],"['Malaysian Airlines', 'IndiGo']",Visa Required,500-599€,200-249€,[],"['New York City', 'Edinburgh', 'Albany', 'Las Vegas', 'Athens', 'Orlando', 'London']"
PRE2aa538,USERba9517e6,"['London', 'Dubai', 'Istanbul']","['HOTf0b6ac', 'HOT3eb17c', 'HOT5e4192']","['RESTO8d65c2', 'RESTO006c0c', 'RESTO8a18c6']","['Lufthansa', 'Turkish Airlines', 'SriLankan Airlines']",Visa Required,1800-1899€,400-449€,"['Indian', 'American, Burger', 'Chinese, Dim Sum']","['Athens', 'Las Vegas', 'Albany']"
PRE22f004,USER8c2cbf42,"['Dubai', 'New York', 'Istanbul']","['HOTe5da72', 'HOTb74b93', 'HOTb66964']","['RESTO157846', 'RESTO8b1c60', 'RESTO19112a']","['Cathay Pacific', 'Kuwait Airways', 'US-Bangla Airlines']",Visa Required,1300-1399€,450-499€,"['Indian', 'Mediterranean, Italian, Thai, European', 'Indian, Rajasthani']","['Ankara', 'London']"
PRE42bcf9,USER13c54562,"['New York', 'London', 'Istanbul']","['HOTc87b68', 'HOT91a871', 'HOT454946']","['RESTOfeb448', 'RESTO1d0984', 'RESTO3c208c']","['NovoAir', 'Vistara', 'Biman Bangladesh Airlines']",Visa Required,500-599€,200-249€,"['American, Burger', 'Italian', 'Chinese, Dim Sum']","['Orlando', 'New York City', 'Las Vegas', 'Edinburgh', 'Athens']"
PREb7159e,USER78cc8a5c,"['London', 'Istanbul']","['HOT66d7f4', 'HOTb12a6f', 'HOT91a871']","['RESTO0d36de', 'RESTO8a18c6', 'RESTO78189b']","['Air Astra', 'Cathay Pacific']",Visa Free,500-599€,250-299€,"['American, Burger', 'Italian', 'Chinese, Dim Sum']","['İstanbul', 'Albany', 'Sharjah', 'Athens', 'Abu Dhabi', 'Las Vegas', 'Edinburgh', 'New York City', 'Savannah']"
PRE39ab15,USER2d18eeea,"['London', 'Istanbul', 'Dubai']","['HOT31d525', 'HOT66d7f4', 'HOT1b1a34']","['RESTOc0b4cb', 'RESTO78189b', 'RESTO006c0c']","['US-Bangla Airlines', 'Kuwait Airways', 'Biman Bangladesh Airlines']",Visa Required,400-499€,300-349€,"['American, Burger', 'Indian', 'Italian']",['Abu Dhabi']
PRE5b5459,USER0860f2f5,"['New York', 'London', 'Istanbul']","['HOT2b4c5c', 'HOT729339', 'HOT843998']","['RESTOfeb448', 'RESTO0d36de', 'RESTO15602c']","['Air Astra', 'SriLankan Airlines', 'Vistara']",Visa Free,1200-1299€,200-249€,"['American, Burger', 'Italian', 'Chinese, Dim Sum']","['Savannah', 'Edinburgh', 'Ankara', 'Orlando', 'Athens', 'Albany', 'New York City', 'Sharjah', 'Abu Dhabi']"
PRE5429e2,USER2fdefea9,"['London', 'Istanbul']","['HOT0d761d', 'HOT7d7b83', 'HOT454946']","['RESTO6bc0e3', 'RESTO8d65c2', 'RESTOcd6e90']","['Vistara', 'Emirates', 'IndiGo']",Visa Required,700-799€,200-249€,"['American, Burger', 'Italian', 'Chinese, Dim Sum']",['Abu Dhabi']
PRE981596,USER7c186e4d,"['London', 'New York', 'Istanbul']","['HOTc87b68', 'HOT843998', 'HOTdaa5c9']","['RESTO1d0984', 'RESTO6f47a9', 'RESTOfeb448']","['Lufthansa', 'Air India', 'IndiGo']",Visa Required,500-599€,250-299€,"['American, Burger', 'Italian', 'Chinese, Dim Sum']","['New York City', 'Savannah', 'Dubai', 'Edinburgh']"
PREec4479,USERd512bbc2,"['Dubai', 'London']","['HOTe5da72', 'HOTb6818d', 'HOT471596']","['RESTOd65a0c', 'RESTObe3105', 'RESTO4b852f']","['Thai Airways', 'Lufthansa', 'Malaysian Airlines']",Visa Free,800-899€,400-449€,"['Indian', 'American, Burger', 'Mediterranean, Italian, Thai, European']","['Athens', 'Albany', 'Abu Dhabi', 'Savannah', 'Manchester', 'Edinburgh', 'New York City', 'Sharjah']"
PREe2ee3e,USEReca29d4c,['Dubai'],"['HOTb74b93', 'HOT3fb1cd', 'HOT3473a9']","['RESTO82af76', 'RESTOd65a0c', 'RESTOeaf22e']","['Air Arabia', 'British Airways', 'Etihad Airways']",Visa Free,800-899€,600-649€,"['Indian', 'Mediterranean, Italian, Thai, European', 'Indian, Rajasthani']","['İstanbul', 'New York City', 'Istanbul', 'Athens', 'Albany', 'London', 'Orlando', 'Sharjah', 'Las Vegas', 'Manchester']"
PRE2bb28b,USER353b9179,"['Istanbul', 'New York', 'Dubai']","['HOT48b258', 'HOT2b4c5c', 'HOT7e45e9']","['RESTO157846', 'RESTO4b852f', 'RESTO82af76']","['Thai Airways', 'Biman Bangladesh Airlines', 'Singapore Airlines']",Visa Required,600-699€,250-299€,"['Indian', 'Mediterranean, Italian, Thai, European', 'Indian, Rajasthani']",['Edinburgh']
PRE329916,USER2ee53ade,"['London', 'New York', 'Dubai']","['HOTb2e9ff', 'HOT9c79bf', 'HOTb66964']","['RESTO3c208c', 'RESTO15602c', 'RESTO03b7b2']","['FlyDubai', 'Biman Bangladesh Airlines', 'SriLankan Airlines']",Visa Required,1300-1399€,250-299€,"['American, Burger', 'Indian', 'Italian']","['Orlando', 'Savannah', 'Albany', 'İstanbul']"
PRE8a391d,USER8cbd6669,"['Dubai', 'New York', 'London']","['HOT9c79bf', 'HOT471596', 'HOT280fd9']","['RESTO8b1c60', 'RESTO157846', 'RESTO588994']","['SriLankan Airlines', 'Air Astra', 'Etihad Airways']",Visa Required,1400-1499€,300-349€,"['Indian', 'American, Burger', 'Italian']","['Albany', 'Orlando', 'Athens', 'Istanbul', 'Savannah', 'Ankara', 'İstanbul', 'Edinburgh', 'Sharjah', 'Las Vegas']"
PRE95ab55,USERec8b9287,"['New York', 'London', 'Istanbul']","['HOTcbe623', 'HOT7d7b83', 'HOTe48f8c']","['RESTO8a18c6', 'RESTO006c0c', 'RESTO6f47a9']","['Thai Airways', 'Etihad Airways', 'Gulf Air']",Visa Required,1100-1199€,200-249€,"['American, Burger', 'Steak', 'Chinese, Dim Sum']","['Athens', 'Dubai', 'Albany', 'Savannah', 'Sharjah', 'Ankara', 'İstanbul', 'Abu Dhabi']"
PRE08c022,USERc6014aff,"['Dubai', 'London', 'New York']","['HOT66d7f4', 'HOT5e4192', 'HOTe2489d']","['RESTO64fcf0', 'RESTObe3105', 'RESTO265fd6']","['Emirates', 'Thai Airways', 'Air Arabia']",Visa Required,500-599€,350-399€,"['American, Burger', 'Indian', 'Italian']","['Las Vegas', 'New York City', 'Abu Dhabi', 'Ankara', 'İstanbul', 'Athens']"
PRE765dc5,USER6bfc12c5,"['Istanbul', 'New York', 'Dubai']","['HOT7e45e9', 'HOT7d7b83', 'HOT0d761d']","['RESTO82af76', 'RESTOeaf22e', 'RESTOc811dd']","['Etihad Airways', 'Air India', 'British Airways']",Visa Required,1000-1099€,250-299€,"['Indian', 'Mediterranean, Italian, Thai, European', 'Indian, Rajasthani']","['New York City', 'Savannah', 'Orlando', 'Manchester', 'Ankara', 'London', 'Las Vegas', 'Albany']"
PREf585ca,USER32db0d0d,"['New York', 'Dubai']","['HOT9f31bc', 'HOTe5da72', 'HOTb66964']","['RESTO3ecf6c', 'RESTO2fc452', 'RESTO157846']","['Gulf Air', 'Biman Bangladesh Airlines', 'NovoAir']",Visa Required,1100-1199€,350-399€,"['Indian', 'Mediterranean, Italian, Thai, European', 'Indian, Rajasthani']","['Edinburgh', 'Savannah', 'New York City', 'Abu Dhabi', 'Istanbul']"
PRE768987,USERe5c2319c,"['London', 'New York', 'Dubai']","['HOT36c006', 'HOTb2e9ff', 'HOT8610df']","['RESTO15602c', 'RESTO6f47a9', 'RESTO03b7b2']","['Qatar Airways', 'IndiGo', 'Air Arabia']",Visa Required,900-999€,300-349€,"['American, Burger', 'Indian', 'Italian']","['Abu Dhabi', 'Edinburgh', 'New York City', 'Savannah', 'İstanbul', 'Orlando', 'Las Vegas']"
PREc46e68,USER52e82e95,"['London', 'Dubai']","['HOT9f31bc', 'HOTad404c', 'HOT46cd99']","['RESTOe1162d', 'RESTO3c208c', 'RESTO82e2a6']","['British Airways', 'Emirates', 'Cathay Pacific']",Visa Free,300-399€,250-299€,"['American, Burger', 'Indian', 'Italian']","['Istanbul', 'Edinburgh', 'Orlando', 'Savannah', 'İstanbul', 'Abu Dhabi', 'Albany', 'Las Vegas']"
PRE2f88c7,USERe00eb003,"['New York', 'Istanbul', 'Dubai']","['HOTa97f28', 'HOT46ddb2', 'HOT7fc258']","['RESTO4b852f', 'RESTOd4a290', 'RESTO91daaa']","['Air India', 'Saudia', 'Biman Bangladesh Airlines']",Visa Required,1200-1299€,250-299€,"['Mediterranean, Italian, Thai, European', 'Indian, Rajasthani', 'Indian, North Indian']","['Ankara', 'London', 'Athens']"
PRE68f3af,USER2af65438,"['Istanbul', 'Dubai', 'New York']","['HOTc22832', 'HOT81dfcb', 'HOT179af9']","['RESTO4b852f', 'RESTOd4a290', 'RESTO19112a']","['NovoAir', 'Cathay Pacific', 'Air Astra']",Visa Required,1000-1099€,450-499€,"['Indian', 'Mediterranean, Italian, Thai, European', 'Indian, Rajasthani']","['Ankara', 'London', 'Sharjah', 'Savannah', 'Las Vegas', 'New York City']"
PRE90c8c7,USERc3e09789,"['Istanbul', 'Dubai', 'New York']","['HOTcbf2d4', 'HOT52ca85', 'HOT1b1a34']","['RESTO64fcf0', 'RESTO19112a', 'RESTOeaf22e']","['IndiGo', 'US-Bangla Airlines', 'Air India']",Visa Required,800-899€,250-299€,"['Indian', 'Mediterranean, Italian, Thai, European', 'Indian, Rajasthani']","['Manchester', 'London', 'Savannah', 'Edinburgh', 'İstanbul', 'Ankara', 'Athens', 'Orlando']"
PREb8e3a5,USER96d4bb36,"['New York', 'Dubai', 'Istanbul']","['HOT46cd99', 'HOTd64b28', 'HOT3473a9']","['RESTOd65a0c', 'RESTO82af76', 'RESTO588994']","['US-Bangla Airlines', 'FlyDubai', 'Emirates']",Visa Free,800-899€,300-349€,"['Indian', 'American, Burger', 'Chinese, Dim Sum']",['İstanbul']
PREd6c1af,USER239d62a4,"['Dubai', 'London', 'New York']","['HOT3473a9', 'HOT471596', 'HOT280fd9']","['RESTO64fcf0', 'RESTOd65a0c', 'RESTOcf3e0c']","['Emirates', 'Malaysian Airlines', 'Gulf Air']",Visa Required,800-899€,350-399€,"['American, Burger', 'Indian', 'Italian']","['Albany', 'New York City']"
PRE749e29,USER13b597de,"['Dubai', 'London', 'New York']","['HOTb66964', 'HOTb6818d', 'HOT729339']","['RESTO64fcf0', 'RESTOc811dd', 'RESTOeaf22e']","['FlyDubai', 'British Airways', 'Emirates']",Visa Required,400-499€,250-299€,"['Indian', 'American, Burger', 'Mediterranean, Italian, Thai, European']","['Manchester', 'İstanbul', 'Albany']"
PRE53e2f8,USER8b79d00c,"['New York', 'London']","['HOT08278d', 'HOT3915d1', 'HOTbdde71']","['RESTOb9a21a', 'RESTO03b7b2', 'RESTO15602c']","['Cathay Pacific', 'Saudia', 'FlyDubai']",Visa Free,1500-1599€,300-349€,"['American, Burger', 'Italian', 'Chinese, Dim Sum']","['New York City', 'Athens', 'Manchester', 'Ankara', 'İstanbul']"
PREab2d0a,USER31b98224,"['London', 'Dubai', 'Istanbul']","['HOT93b5d6', 'HOTbdde71', 'HOT9c79bf']","['RESTO6f47a9', 'RESTO8d65c2', 'RESTO15602c']","['Biman Bangladesh Airlines', 'Air India', 'Thai Airways']",Visa Free,900-999€,300-349€,"['American, Burger', 'Indian', 'Italian']","['Abu Dhabi', 'Savannah']"
PREa304c6,USERea2a47ee,"['Istanbul', 'New York']","['HOT654071', 'HOTcbf2d4', 'HOT2b4c5c']",[],"['Etihad Airways', 'Emirates', 'Thai Airways']",Visa Required,600-699€,150-199€,[],"['Las Vegas', 'London', 'Edinburgh', 'Orlando', 'Manchester', 'Dubai', 'İstanbul']"
PRE5e72d0,USER13e6623e,"['Dubai', 'London']","['HOT9f31bc', 'HOT280fd9', 'HOT66d7f4']","['RESTO265fd6', 'RESTO2fc452', 'RESTO64fcf0']","['AirAsia', 'Kuwait Airways', 'Lufthansa']",Visa Free,1100-1199€,350-399€,"['American, Burger', 'Indian', 'Italian']","['Istanbul', 'Manchester', 'Athens', 'Sharjah']"
PRE097d6b,USER05cd49d3,"['New York', 'Dubai', 'London']","['HOT3eb17c', 'HOTcb8aea', 'HOT13e0df']","['RESTObe3105', 'RESTO2fc452', 'RESTO879f0f']","['Air Astra', 'IndiGo', 'Air Arabia']",Visa Required,1300-1399€,350-399€,"['American, Burger', 'Indian', 'Italian']","['İstanbul', 'New York City', 'Edinburgh']"
PREe27d4a,USER17970506,"['Dubai', 'London', 'New York']","['HOTad404c', 'HOTb74b93', 'HOT46cd99']","['RESTOd4a290', 'RESTObe3105', 'RESTO82af76']","['SriLankan Airlines', 'Saudia', 'Gulf Air']",Visa Free,1200-1299€,350-399€,"['American, Burger', 'Indian', 'Italian']","['Athens', 'Sharjah', 'Savannah', 'Las Vegas', 'İstanbul', 'Abu Dhabi']"
PRE5946bb,USER5d29c2b0,"['London', 'Dubai', 'Istanbul']","['HOTf6d432', 'HOT8610df', 'HOTa76daa']","['RESTO1d0984', 'RESTO8a18c6', 'RESTOe1162d']","['Emirates', 'US-Bangla Airlines', 'Turkish Airlines']",Visa Required,900-999€,300-349€,"['American, Burger', 'Indian', 'Italian']","['Las Vegas', 'İstanbul', 'Edinburgh', 'New York City', 'Abu Dhabi', 'Orlando', 'Ankara', 'Albany', 'New York', 'Athens']"
PRE150562,USER5f71a275,"['Dubai', 'London', 'Istanbul']","['HOTa76daa', 'HOT3473a9', 'HOTcb8aea']","['RESTOcf3e0c', 'RESTO588994', 'RESTO301769']","['Vistara', 'Malaysian Airlines', 'FlyDubai']",Visa Required,900-999€,350-399€,"['Indian', 'American, Burger', 'Chinese, Dim Sum']","['Ankara', 'Savannah', 'Edinburgh']"
PREcf717d,USER61e31009,"['Istanbul', 'London']","['HOTcbf2d4', 'HOT36c006', 'HOTe17fc0']","['RESTOe1162d', 'RESTO03b7b2', 'RESTO1d0984']","['Kuwait Airways', 'Vistara']",Visa Required,200-299€,200-249€,"['American, Burger', 'Italian', 'Chinese, Dim Sum']","['Sharjah', 'Orlando', 'New York', 'Ankara', 'Abu Dhabi', 'Las Vegas', 'Albany', 'Dubai', 'Edinburgh']"
PRE313b45,USER12c57c25,"['New York', 'London', 'Dubai']","['HOT66d7f4', 'HOTb6818d', 'HOT36c006']","['RESTO6f47a9', 'RESTOcd6e90', 'RESTO78189b']","['Cathay Pacific', 'Malaysian Airlines', 'Turkish Airlines']",Visa Required,800-899€,250-299€,"['American, Burger', 'Indian', 'Italian']","['Orlando', 'İstanbul', 'New York City', 'Abu Dhabi']"
PREe1e5ff,USER68d53fab,"['Istanbul', 'Dubai', 'New York']","['HOT7356a8', 'HOT106713', 'HOT3fb1cd']","['RESTO8b1c60', 'RESTO2fc452', 'RESTO265fd6']","['Qatar Airways', 'Air India', 'Lufthansa']",Visa Required,1000-1099€,300-349€,"['American, Burger', 'Indian', 'Chinese, Dim Sum']","['İstanbul', 'Albany', 'New York City', 'Edinburgh', 'Manchester']"
PRE8d29ee,USER2ca67f98,"['London', 'Istanbul', 'Dubai']","['HOT280fd9', 'HOTdf7676', 'HOT106713']","['RESTO0d4f52', 'RESTOcd6e90', 'RESTO006c0c']","['Lufthansa', 'Saudia', 'Gulf Air']",Visa Free,600-699€,250-299€,"['American, Burger', 'Italian', 'Japanese, Sushi']","['New York', 'New York City', 'Manchester', 'Ankara']"
PRE285052,USER1b8cf794,"['Dubai', 'New York', 'London']","['HOTa76daa', 'HOTb74b93', 'HOT8031c6']","['RESTO3e2212', 'RESTObe3105', 'RESTOeaf22e']","['Cathay Pacific', 'Air India', 'NovoAir']",Visa Required,1400-1499€,300-349€,"['American, Burger', 'Indian', 'Italian']","['Sharjah', 'New York City', 'Athens', 'Abu Dhabi']"
PREa75ced,USER17613028,"['Istanbul', 'London', 'Dubai']","['HOT0b9e7e', 'HOT179af9', 'HOTb66964']","['RESTO8a18c6', 'RESTOcd6e90', 'RESTO82e2a6']","['Vistara', 'Gulf Air', 'Thai Airways']",Visa Required,1200-1299€,300-349€,"['American, Burger', 'Indian', 'Italian']","['Manchester', 'Albany', 'Orlando', 'Abu Dhabi', 'Sharjah', 'Savannah', 'Edinburgh']"
PREbff762,USERb9abbf10,"['New York', 'Dubai', 'Istanbul']","['HOTcb8aea', 'HOT1b1a34', 'HOT106713']","['RESTO3e2212', 'RESTO19112a', 'RESTO265fd6']","['Air Astra', 'AirAsia', 'Vistara']",Visa Free,1100-1199€,150-199€,"['Indian', 'Mediterranean, Italian, Thai, European', 'Indian, North Indian']","['London', 'Albany', 'Sharjah', 'Athens']"
PRE02fced,USERd3ca4196,"['Dubai', 'New York']","['HOT321e12', 'HOTb74b93', 'HOTe2489d']","['RESTO8b1c60', 'RESTOd65a0c', 'RESTO301769']","['Saudia', 'Biman Bangladesh Airlines', 'Singapore Airlines']",Visa Required,700-799€,450-499€,"['Indian', 'Mediterranean, Italian, Thai, European', 'Indian, Rajasthani']","['Savannah', 'New York City']"
PRE0322bc,USER5b122e42,"['Dubai', 'Istanbul']","['HOTe5da72', 'HOT13e0df', 'HOT9c79bf']","['RESTO82af76', 'RESTO2fc452', 'RESTO265fd6']","['NovoAir', 'Turkish Airlines', 'Qatar Airways']",Visa Required,1300-1399€,300-349€,"['Indian', 'Mediterranean, Italian, Thai, European', 'Indian, Rajasthani']",['Sharjah']
PREe60472,USERa029d092,"['Dubai', 'Istanbul', 'New York']","['HOTb74b93', 'HOTe48f8c', 'HOT1b1a34']","['RESTObe3105', 'RESTO588994', 'RESTO3e2212']","['Singapore Airlines', 'US-Bangla Airlines']",Visa Required,700-799€,200-249€,"['Indian', 'Mediterranean, Italian, Thai, European', 'Indian, Rajasthani']","['Edinburgh', 'Ankara', 'Athens', 'Sharjah', 'Orlando', 'Las Vegas', 'Abu Dhabi', 'Savannah', 'Albany', 'Manchester']"
PRE428a2a,USERb31efabf,"['New York', 'Dubai', 'London']","['HOT3eb17c', 'HOT321e12', 'HOT13e0df']","['RESTOd65a0c', 'RESTO4b852f', 'RESTO82af76']","['Saudia', 'Thai Airways', 'AirAsia']",Visa Free,1100-1199€,200-249€,"['Indian', 'American, Burger', 'Mediterranean, Italian, Thai, European']","['New York City', 'Abu Dhabi', 'Orlando', 'Savannah', 'Edinburgh', 'Las Vegas', 'İstanbul', 'Sharjah', 'Athens', 'Albany']"
PREc0bd66,USER1e091c24,"['New York', 'Istanbul']","['HOTcbf2d4', 'HOT106713']",[],"['NovoAir', 'Lufthansa', 'Vistara']",Visa Required,1500-1599€,150-199€,[],"['Manchester', 'Albany', 'Dubai', 'London']"
PREf84812,USER9884cb92,['Dubai'],"['HOT471596', 'HOTd64b28', 'HOT9c79bf']","['RESTOc811dd', 'RESTO588994', 'RESTO64fcf0']","['Cathay Pacific', 'Air India']",Visa Required,1400-1499€,450-499€,"['Indian', 'Mediterranean, Italian, Thai, European', 'Indian, Rajasthani']","['Albany', 'Istanbul', 'Edinburgh', 'Orlando', 'Athens', 'New York', 'Ankara']"
PRE663008,USERc3118fb6,"['New York', 'Dubai', 'Istanbul']","['HOTb66964', 'HOT0b9e7e', 'HOT2b4c5c']","['RESTO3e2212', 'RESTO8b1c60', 'RESTO4b852f']","['Thai Airways', 'Vistara', 'US-Bangla Airlines']",Visa Required,1100-1199€,200-249€,"['Indian, Rajasthani', 'International, Indian', 'Continental, Indian']","['İstanbul', 'Orlando', 'Manchester', 'Edinburgh', 'London', 'Abu Dhabi', 'Ankara', 'Albany', 'Savannah', 'Athens']"
PRE74df03,USER4b7528ae,"['London', 'Istanbul', 'Dubai']","['HOT454946', 'HOT2b4c5c', 'HOTf6d432']","['RESTO82e2a6', 'RESTO33b6b9', 'RESTO1ac4e3']","['Gulf Air', 'Turkish Airlines', 'IndiGo']",Visa Required,900-999€,250-299€,"['American, Burger', 'Indian', 'Italian']","['Ankara', 'Manchester', 'Athens', 'New York City']"
PRE7718fb,USER287229eb,"['New York', 'London']","['HOT66d7f4', 'HOT91a871']","['RESTOcd6e90', 'RESTO03b7b2', 'RESTO0d4f52']","['Turkish Airlines', 'IndiGo', 'Biman Bangladesh Airlines']",Visa Required,700-799€,200-249€,"['American, Burger', 'Italian', 'Chinese, Dim Sum']","['Sharjah', 'İstanbul', 'Las Vegas', 'Abu Dhabi', 'Edinburgh', 'New York City', 'Savannah', 'Dubai', 'Manchester']"
PRE91fac7,USER7bc9405e,['Dubai'],['HOT3eb17c'],"['RESTO879f0f', 'RESTOd65a0c', 'RESTO3ecf6c']",['Turkish Airlines'],Visa Required,300-399€,350-399€,"['Indian', 'Indian, North Indian', 'Continental, Indian']","['Savannah', 'Edinburgh', 'Las Vegas', 'Orlando', 'Albany', 'Athens', 'New York', 'Istanbul', 'Ankara', 'New York City']"
PREbf81a0,USER994d6f60,"['New York', 'London', 'Dubai']","['HOT280fd9', 'HOT93b5d6', 'HOT46c53d']","['RESTO006c0c', 'RESTO78189b', 'RESTO0d36de']","['Air India', 'Qatar Airways', 'FlyDubai']",Visa Required,800-899€,350-399€,"['American, Burger', 'Indian', 'Italian']","['Orlando', 'New York City', 'Manchester', 'Abu Dhabi']"
PRE8d07e2,USERcc54bfdb,"['Istanbul', 'New York', 'Dubai']","['HOT46ddb2', 'HOT729339', 'HOT46cd99']","['RESTO879f0f', 'RESTO64fcf0', 'RESTObe3105']","['Air India', 'AirAsia', 'FlyDubai']",Visa Required,700-799€,250-299€,"['American, Burger', 'Italian', 'Chinese, Dim Sum']","['Albany', 'New York City']"
PREa8c147,USER8db95da6,"['Dubai', 'Istanbul', 'New York']","['HOT46ddb2', 'HOT654071', 'HOTe48f8c']","['RESTOd4a290', 'RESTO157846', 'RESTO265fd6']","['Singapore Airlines', 'Thai Airways', 'AirAsia']",Visa Free,1200-1299€,500-549€,"['Indian', 'Mediterranean, Italian, Thai, European', 'Indian, Rajasthani']","['London', 'New York City', 'Athens', 'Orlando', 'Savannah', 'Ankara', 'Manchester']"
PRE35fa4f,USERbbed2309,"['Dubai', 'London']","['HOTe2489d', 'HOTb66964', 'HOT179af9']","['RESTO3ecf6c', 'RESTO64fcf0', 'RESTOd65a0c']","['Malaysian Airlines', 'Vistara', 'Emirates']",Visa Required,400-499€,350-399€,"['Indian', 'American, Burger', 'Mediterranean, Italian, Thai, European']","['Istanbul', 'İstanbul', 'Manchester', 'Ankara', 'Abu Dhabi', 'Sharjah', 'New York', 'Las Vegas', 'Athens']"
PRE469052,USERaf1161cd,"['London', 'Dubai', 'Istanbul']","['HOT9f31bc', 'HOT13e0df', 'HOTad404c']","['RESTO0d4f52', 'RESTOb9a21a', 'RESTOfeb448']","['Cathay Pacific', 'Vistara', 'Kuwait Airways']",Visa Free,1100-1199€,250-299€,"['American, Burger', 'Indian', 'Italian']","['Albany', 'İstanbul', 'Sharjah', 'Edinburgh', 'Abu Dhabi', 'Manchester', 'Las Vegas', 'Orlando', 'New York City', 'Savannah']"
PRE74f450,USER0fc118b0,"['London', 'Dubai', 'Istanbul']","['HOT321e12', 'HOTdaa5c9', 'HOTe17fc0']","['RESTO03b7b2', 'RESTO6bc0e3', 'RESTO1ac4e3']","['Cathay Pacific', 'Turkish Airlines', 'IndiGo']",Visa Required,500-599€,350-399€,"['American, Burger', 'Indian', 'Italian']","['Albany', 'Sharjah', 'İstanbul', 'Abu Dhabi', 'Edinburgh', 'New York', 'Savannah', 'New York City', 'Athens']"
PREa0cdbe,USERef83e730,"['London', 'Istanbul', 'New York']","['HOT0b9e7e', 'HOT0d761d', 'HOT9c79bf']","['RESTO8a18c6', 'RESTOfeb448', 'RESTO006c0c']","['Kuwait Airways', 'Thai Airways', 'Etihad Airways']",Visa Free,1100-1199€,250-299€,"['American, Burger', 'Indian', 'Italian']","['Las Vegas', 'Abu Dhabi', 'Manchester']"
PREdc1768,USER2d927d4b,"['Dubai', 'Istanbul', 'London']","['HOT7fc258', 'HOT48b258', 'HOT7d7b83']","['RESTOd65a0c', 'RESTO2fc452', 'RESTO19112a']","['US-Bangla Airlines', 'Air Astra', 'Saudia']",Visa Required,800-899€,350-399€,"['Indian', 'American, Burger', 'Chinese, Dim Sum']","['Savannah', 'New York', 'İstanbul']"
PRE1302e4,USER767678fb,"['Istanbul', 'New York', 'London']","['HOT81dfcb', 'HOTa97f28', 'HOT7356a8']","['RESTO1ac4e3', 'RESTO33b6b9', 'RESTO03b7b2']","['Air Astra', 'British Airways', 'Cathay Pacific']",Visa Required,900-999€,200-249€,"['Chinese, Dim Sum', 'Steak', 'Indian, Cafe, Curry']","['Dubai', 'Ankara', 'New York City', 'Athens', 'Edinburgh', 'İstanbul', 'Savannah', 'Albany', 'Orlando', 'Las Vegas']"
PREcef177,USER51bb84fe,"['Dubai', 'London', 'New York']","['HOT46cd99', 'HOTad404c', 'HOT36c006']","['RESTO3e2212', 'RESTO3ecf6c', 'RESTO8b1c60']","['FlyDubai', 'IndiGo', 'Biman Bangladesh Airlines']",Visa Free,700-799€,300-349€,"['American, Burger', 'Indian', 'Italian']","['Las Vegas', 'Edinburgh', 'Manchester', 'Abu Dhabi', 'Sharjah', 'İstanbul', 'Orlando', 'New York City']"
PREa13916,USER9358732f,"['New York', 'Dubai', 'Istanbul']","['HOT321e12', 'HOTe2489d', 'HOT0b9e7e']","['RESTOd65a0c', 'RESTO588994', 'RESTO4b852f']","['Kuwait Airways', 'Air India', 'British Airways']",Visa Required,500-599€,300-349€,"['Indian', 'Mediterranean, Italian, Thai, European', 'Indian, Rajasthani']",['Savannah']
PREb1dcbb,USER703dd288,"['London', 'New York']","['HOTdaa5c9', 'HOT91a871', 'HOTf6d432']","['RESTO1ac4e3', 'RESTO0d36de', 'RESTO82e2a6']","['Emirates', 'AirAsia', 'Cathay Pacific']",Visa Free,700-799€,150-199€,"['American, Burger', 'Italian', 'Chinese, Dim Sum']","['Savannah', 'Las Vegas', 'Edinburgh', 'Athens', 'Manchester']"
PRE4c000e,USER72daff5e,['Dubai'],"['HOTb66964', 'HOTad404c', 'HOT321e12']","['RESTOd65a0c', 'RESTO2fc452', 'RESTO588994']",['Air Astra'],Visa Required,1200-1299€,400-449€,"['Indian', 'Mediterranean, Italian, Thai, European', 'Indian, Rajasthani']","['Savannah', 'Athens', 'New York', 'Edinburgh', 'Orlando']"
PREf53be8,USER07e89066,"['Dubai', 'London', 'Istanbul']","['HOT3eb17c', 'HOTcb8aea', 'HOTf0b6ac']","['RESTO64fcf0', 'RESTOd4a290', 'RESTOd65a0c']","['NovoAir', 'Thai Airways', 'Biman Bangladesh Airlines']",Visa Required,1700-1799€,250-299€,"['American, Burger', 'Indian', 'Italian']","['Albany', 'Sharjah', 'Manchester', 'New York City', 'Abu Dhabi', 'İstanbul', 'New York']"
PRE41a2f9,USER6392c8ea,"['London', 'Istanbul']","['HOT454946', 'HOTdf7676', 'HOTbdde71']","['RESTO03b7b2', 'RESTO6bc0e3', 'RESTO006c0c']","['Kuwait Airways', 'US-Bangla Airlines']",Visa Required,1200-1299€,150-199€,"['American, Burger', 'Italian', 'Chinese, Dim Sum']","['Abu Dhabi', 'Sharjah']"
PREcbab06,USER83956ed8,"['New York', 'Dubai']","['HOT3473a9', 'HOT321e12', 'HOTabff8f']","['RESTOcf3e0c', 'RESTO3e2212', 'RESTO64fcf0']","['FlyDubai', 'Air Astra', 'British Airways']",Visa Required,500-599€,450-499€,"['Indian', 'Mediterranean, Italian, Thai, European', 'Indian, Rajasthani']","['Manchester', 'Orlando', 'Savannah', 'Istanbul', 'Ankara', 'Sharjah', 'London', 'İstanbul', 'Las Vegas']"
PRE1896d6,USERf32a3c75,"['New York', 'Istanbul', 'London']","['HOT2b4c5c', 'HOT280fd9', 'HOT31d525']","['RESTO006c0c', 'RESTO1ac4e3', 'RESTO0d36de']","['Gulf Air', 'IndiGo', 'AirAsia']",Visa Required,800-899€,200-249€,"['American, Burger', 'Italian', 'Chinese, Dim Sum']","['Abu Dhabi', 'Albany', 'Ankara', 'İstanbul', 'Las Vegas', 'Manchester']"
PREe93cc0,USERfca3d85d,"['London', 'Istanbul', 'New York']","['HOTe17fc0', 'HOT08278d', 'HOTc22832']","['RESTO03b7b2', 'RESTO006c0c', 'RESTO6f47a9']","['US-Bangla Airlines', 'Air India', 'Gulf Air']",Visa Required,1000-1099€,300-349€,"['American, Burger', 'Indian', 'Italian']","['Savannah', 'Edinburgh']"
PRE1cc943,USEReb254b7c,"['London', 'Istanbul', 'Dubai']","['HOTf0b6ac', 'HOTa97f28', 'HOTe2489d']","['RESTO006c0c', 'RESTOfeb448', 'RESTO8d65c2']","['FlyDubai', 'Turkish Airlines', 'Vistara']",Visa Required,600-699€,300-349€,"['Indian', 'American, Burger', 'Chinese, Dim Sum']","['Orlando', 'Abu Dhabi', 'Manchester', 'İstanbul', 'Ankara', 'Edinburgh', 'Las Vegas', 'Sharjah', 'Savannah', 'New York']"
PREecf948,USER211814c8,"['London', 'New York']","['HOT08278d', 'HOT66d7f4', 'HOT8610df']","['RESTO1ac4e3', 'RESTO15602c', 'RESTO82e2a6']","['Air India', 'Air Arabia', 'SriLankan Airlines']",Visa Free,1300-1399€,350-399€,"['American, Burger', 'Italian', 'Chinese, Dim Sum']","['Albany', 'Las Vegas', 'Athens', 'Ankara', 'Savannah', 'Sharjah', 'İstanbul', 'Dubai', 'New York City']"
PREa2fabf,USERb317c94f,"['London', 'Istanbul']","['HOT0db871', 'HOT280fd9', 'HOT106713']","['RESTO6bc0e3', 'RESTO82e2a6', 'RESTO006c0c']","['Emirates', 'Etihad Airways', 'Thai Airways']",Visa Required,1000-1099€,200-249€,"['American, Burger', 'Italian', 'Japanese, Sushi']","['Abu Dhabi', 'Sharjah', 'Dubai', 'Orlando', 'New York City', 'Ankara', 'Savannah', 'İstanbul']"
PRE60f03c,USER6d0f9edc,"['New York', 'Istanbul', 'Dubai']","['HOT48b258', 'HOT0db871', 'HOT0b9e7e']","['RESTO3e2212', 'RESTO301769', 'RESTOeaf22e']","['US-Bangla Airlines', 'IndiGo', 'Air Arabia']",Visa Required,900-999€,300-349€,"['American, Burger', 'Indian', 'Italian']","['Edinburgh', 'Orlando', 'İstanbul', 'Abu Dhabi', 'Manchester']"
PREb5754e,USER34f6c8cd,"['London', 'Istanbul']","['HOT66d7f4', 'HOT46c53d', 'HOTcbe623']","['RESTO03b7b2', 'RESTO15602c', 'RESTOcd6e90']","['Emirates', 'Vistara', 'Saudia']",Visa Required,1200-1299€,250-299€,"['American, Burger', 'Italian', 'Chinese, Dim Sum']","['Sharjah', 'New York', 'Athens']"
PREe3ca95,USER237c578a,"['Istanbul', 'Dubai', 'New York']","['HOT729339', 'HOT7356a8', 'HOT7e45e9']","['RESTO91daaa', 'RESTOeaf22e', 'RESTOd4a290']","['Gulf Air', 'Singapore Airlines', 'Biman Bangladesh Airlines']",Visa Required,500-599€,250-299€,"['Indian', 'Italian', 'Mediterranean, Italian, Thai, European']","['Sharjah', 'New York City', 'Savannah', 'İstanbul', 'Abu Dhabi', 'Orlando', 'Manchester', 'Ankara']"
PRE607a76,USER80331e3c,"['Istanbul', 'New York']","['HOT0d761d', 'HOT46ddb2', 'HOT7e45e9']",[],"['IndiGo', 'Biman Bangladesh Airlines', 'US-Bangla Airlines']",Visa Required,700-799€,200-249€,[],"['Abu Dhabi', 'Savannah', 'Ankara', 'Dubai', 'London', 'Las Vegas', 'Sharjah', 'Albany']"
PRE4c375a,USERf630fe9b,"['Dubai', 'New York', 'Istanbul']","['HOTa76daa', 'HOTe5da72', 'HOT2b4c5c']","['RESTOcf3e0c', 'RESTO3e2212', 'RESTO157846']","['Lufthansa', 'Qatar Airways', 'Saudia']",Visa Required,500-599€,300-349€,"['Indian', 'American, Burger', 'Japanese, Sushi']","['Sharjah', 'Ankara', 'Albany', 'Savannah', 'New York City', 'Las Vegas', 'Abu Dhabi', 'Athens', 'Orlando']"
PRE7c2b54,USER8a3e112a,"['London', 'Dubai', 'New York']","['HOT843998', 'HOTf6d432', 'HOT321e12']","['RESTO33b6b9', 'RESTO3c208c', 'RESTO15602c']","['Cathay Pacific', 'Turkish Airlines', 'Saudia']",Visa Free,800-899€,300-349€,"['American, Burger', 'Indian', 'Italian']","['İstanbul', 'Sharjah', 'Las Vegas', 'Ankara', 'Manchester', 'Abu Dhabi']"
PREc9d61c,USER2325760f,"['Dubai', 'London', 'Istanbul']","['HOT13e0df', 'HOT46cd99', 'HOTe2489d']","['RESTO8b1c60', 'RESTO64fcf0', 'RESTO2fc452']","['Biman Bangladesh Airlines', 'Thai Airways', 'Vistara']",Visa Required,500-599€,200-249€,"['American, Burger', 'Indian', 'Italian']","['Las Vegas', 'Albany', 'Manchester', 'Ankara', 'Savannah', 'Sharjah', 'Orlando']"
PRE9810ed,USER0336266b,"['Dubai', 'London']","['HOT5e4192', 'HOT9c79bf', 'HOT321e12']","['RESTOd4a290', 'RESTO4b852f', 'RESTO8b1c60']","['Saudia', 'Gulf Air', 'Etihad Airways']",Visa Required,400-499€,500-549€,"['Indian', 'American, Burger', 'Italian']","['Edinburgh', 'Istanbul', 'Orlando', 'Athens']"
PREd6b136,USERfdcf440a,"['Dubai', 'London']","['HOT3eb17c', 'HOT280fd9', 'HOT3473a9']","['RESTO19112a', 'RESTO3ecf6c', 'RESTO3e2212']","['Etihad Airways', 'Emirates', 'Saudia']",Visa Free,400-499€,350-399€,"['American, Burger', 'Indian', 'Japanese, Sushi']","['Ankara', 'İstanbul', 'Edinburgh', 'New York', 'Orlando', 'Albany', 'Manchester', 'New York City', 'Sharjah']"
PREfd16e6,USERb77090eb,['Dubai'],"['HOT471596', 'HOT3473a9', 'HOTb66964']","['RESTOeaf22e', 'RESTOc811dd', 'RESTOd4a290']","['Thai Airways', 'US-Bangla Airlines']",Visa Required,500-599€,500-549€,"['Indian', 'Mediterranean, Italian, Thai, European', 'Indian, Rajasthani']","['Las Vegas', 'Istanbul', 'Ankara']"
PRE9199ea,USERe240d84c,"['London', 'Istanbul', 'New York']","['HOT52ca85', 'HOTb2e9ff', 'HOTcbe623']","['RESTO03b7b2', 'RESTO0d4f52', 'RESTO15602c']","['Vistara', 'Etihad Airways', 'Emirates']",Visa Free,600-699€,250-299€,"['American, Burger', 'Indian', 'Italian']","['New York City', 'Orlando', 'Sharjah', 'Ankara']"
PRE1bdf34,USERaf95993a,"['New York', 'Dubai']","['HOT471596', 'HOTb66964', 'HOTd64b28']","['RESTO2fc452', 'RESTObe3105', 'RESTO8b1c60']",['Air Arabia'],Visa Required,1400-1499€,350-399€,"['Indian', 'Mediterranean, Italian, Thai, European', 'Indian, Rajasthani']","['Edinburgh', 'İstanbul', 'Orlando', 'Savannah', 'Albany', 'London']"
PRE22f609,USER50fece00,"['Dubai', 'New York']","['HOTcb8aea', 'HOT179af9', 'HOTa76daa']","['RESTOd4a290', 'RESTO157846', 'RESTO82af76']","['Thai Airways', 'Emirates', 'Lufthansa']",Visa Free,1300-1399€,600-649€,"['Indian', 'Mediterranean, Italian, Thai, European', 'Indian, Rajasthani']","['New York City', 'Ankara', 'Manchester', 'Albany', 'Athens', 'Abu Dhabi', 'Las Vegas']"
PRE1e24e5,USER4590f0c1,['New York'],[],[],"['FlyDubai', 'Vistara', 'Gulf Air']",Visa Required,900-999€,,[],"['Orlando', 'Ankara', 'Athens', 'Albany', 'Savannah']"
PRE88cc33,USER6568df5d,"['New York', 'Dubai', 'London']","['HOTd64b28', 'HOTb74b93', 'HOT36c006']","['RESTO3e2212', 'RESTOd65a0c', 'RESTO64fcf0']","['Lufthansa', 'Turkish Airlines', 'NovoAir']",Visa Required,900-999€,300-349€,"['Indian', 'American, Burger', 'Mediterranean, Italian, Thai, European']","['Abu Dhabi', 'Las Vegas', 'Manchester', 'Istanbul']"
PRE3d169d,USER6d7f2b18,"['Dubai', 'New York']","['HOTe2489d', 'HOTabff8f']","['RESTOd65a0c', 'RESTOeaf22e', 'RESTO588994']","['Malaysian Airlines', 'Vistara']",Visa Free,1500-1599€,150-199€,"['Indian', 'Mediterranean, Italian, Thai, European', 'Indian, Rajasthani']","['Istanbul', 'Ankara', 'Abu Dhabi', 'Athens', 'Las Vegas', 'Savannah', 'Edinburgh', 'London']"
PRE45e945,USER6c4853fa,"['New York', 'London']","['HOT93b5d6', 'HOTc87b68']","['RESTOb9a21a', 'RESTOc0b4cb', 'RESTO0d36de']","['US-Bangla Airlines', 'IndiGo', 'Air Arabia']",Visa Required,1200-1299€,350-399€,"['Japanese, Sushi', 'Indian, Pakistani, Curry', 'Steak']","['Orlando', 'Ankara', 'Athens', 'İstanbul', 'Las Vegas', 'New York City']"
PRE18a87a,USER48fc9bee,"['New York', 'Istanbul', 'London']","['HOTcbf2d4', 'HOT7d7b83', 'HOT2b4c5c']","['RESTO6bc0e3', 'RESTO3c208c', 'RESTOfeb448']","['Vistara', 'Gulf Air', 'Air India']",Visa Required,900-999€,200-249€,"['American, Burger', 'Italian', 'Chinese, Dim Sum']","['Ankara', 'Dubai', 'İstanbul', 'Las Vegas']"
PREfce860,USERccf6de47,"['Dubai', 'Istanbul', 'New York']","['HOTc22832', 'HOT729339', 'HOTad404c']","['RESTO8b1c60', 'RESTO82af76', 'RESTOd65a0c']","['Air Arabia', 'Singapore Airlines', 'Air India']",Visa Required,400-499€,300-349€,"['Indian', 'Mediterranean, Italian, Thai, European', 'Indian, Rajasthani']","['Sharjah', 'Manchester', 'Orlando', 'London', 'Ankara', 'Edinburgh', 'Abu Dhabi']"
PRE7e1fbb,USERee86f05e,"['Dubai', 'London', 'Istanbul']","['HOT321e12', 'HOT9c79bf', 'HOT46cd99']","['RESTO3e2212', 'RESTOc811dd', 'RESTO157846']","['US-Bangla Airlines', 'Singapore Airlines', 'Air Astra']",Visa Required,800-899€,350-399€,"['American, Burger', 'Indian', 'Italian']","['Orlando', 'İstanbul', 'New York City', 'Savannah', 'Abu Dhabi', 'Sharjah', 'Albany', 'Manchester', 'Edinburgh']"
PREdf8df5,USERaf6aad1a,"['Dubai', 'London', 'Istanbul']","['HOTe5da72', 'HOTad404c', 'HOT471596']","['RESTO3ecf6c', 'RESTO82af76', 'RESTO19112a']","['Singapore Airlines', 'Malaysian Airlines', 'Thai Airways']",Visa Free,1100-1199€,350-399€,"['Indian', 'American, Burger', 'Mediterranean, Italian, Thai, European']","['Abu Dhabi', 'Manchester', 'New York', 'Las Vegas', 'Sharjah', 'Ankara', 'Edinburgh']"
PRE60601a,USER5f5b1a37,"['Dubai', 'New York', 'Istanbul']","['HOT9f31bc', 'HOTc22832']","['RESTOd65a0c', 'RESTO588994', 'RESTO8b1c60']","['Qatar Airways', 'Turkish Airlines', 'Kuwait Airways']",Visa Required,1000-1099€,250-299€,"['International, Indian', 'Continental, Indian', 'Indian, Continental']","['New York City', 'Athens', 'Orlando', 'Savannah']"
PRE571f68,USERed09f2ba,"['London', 'Dubai', 'New York']","['HOTcbe623', 'HOT08278d', 'HOT31d525']","['RESTO8a18c6', 'RESTO15602c', 'RESTO6f47a9']","['Gulf Air', 'Air India', 'Thai Airways']",Visa Free,600-699€,250-299€,"['American, Burger', 'Indian', 'Italian']","['Albany', 'Abu Dhabi', 'Edinburgh', 'Orlando']"
PRE733883,USER729e265e,"['London', 'Dubai']","['HOT9c79bf', 'HOT36c006', 'HOTc87b68']","['RESTOfeb448', 'RESTO3c208c', 'RESTO82e2a6']","['Saudia', 'Air Astra', 'Lufthansa']",Visa Free,1200-1299€,350-399€,"['American, Burger', 'Indian', 'Italian']","['Abu Dhabi', 'Manchester', 'Ankara', 'Las Vegas', 'Albany', 'New York City', 'Savannah', 'New York', 'Sharjah']"
PREfa7b01,USERd7029294,"['Istanbul', 'London']","['HOT31d525', 'HOTb2e9ff', 'HOT8031c6']","['RESTO0d36de', 'RESTO8d65c2', 'RESTO3c208c']","['FlyDubai', 'Biman Bangladesh Airlines', 'Cathay Pacific']",Visa Free,800-899€,150-199€,"['American, Burger', 'Italian', 'Chinese, Dim Sum']","['New York', 'Dubai', 'Ankara', 'Sharjah', 'Orlando', 'Manchester', 'Las Vegas', 'New York City', 'Athens', 'Abu Dhabi']"
PRE91742b,USERc3b466b7,"['New York', 'Istanbul']",['HOT729339'],[],"['Etihad Airways', 'Saudia']",Visa Required,1100-1199€,150-199€,[],"['Albany', 'London', 'Athens', 'Orlando', 'Edinburgh']"
PRE05863e,USER5878a09c,"['New York', 'London', 'Dubai']","['HOTf6d432', 'HOT321e12', 'HOT9c79bf']","['RESTO6bc0e3', 'RESTO8d65c2', 'RESTOe1162d']","['Emirates', 'Saudia']",Visa Required,800-899€,550-599€,"['American, Burger', 'Indian', 'Italian']","['Albany', 'Savannah', 'Abu Dhabi', 'New York City', 'Orlando', 'Istanbul']"
PREd92f93,USER41fb0d03,"['Dubai', 'New York']","['HOT179af9', 'HOT46cd99', 'HOTe5da72']","['RESTO588994', 'RESTO157846', 'RESTOd4a290']","['SriLankan Airlines', 'Cathay Pacific', 'NovoAir']",Visa Required,800-899€,500-549€,"['Indian', 'Mediterranean, Italian, Thai, European', 'Indian, Rajasthani']","['Savannah', 'Athens', 'Manchester']"
PREfa522d,USER273ddfdd,"['Istanbul', 'London']","['HOT7356a8', 'HOT0b9e7e', 'HOT46ddb2']","['RESTO03b7b2', 'RESTO33b6b9', 'RESTO0d4f52']","['SriLankan Airlines', 'NovoAir', 'Gulf Air']",Visa Free,700-799€,250-299€,"['Italian', 'Japanese, Sushi', 'American, Burger']",['Abu Dhabi']
PREb42ceb,USER24877d04,"['Dubai', 'New York', 'Istanbul']","['HOTad404c', 'HOTb74b93', 'HOT1b1a34']","['RESTO8b1c60', 'RESTO588994', 'RESTO3e2212']","['Saudia', 'SriLankan Airlines', 'US-Bangla Airlines']",Visa Required,1300-1399€,250-299€,"['American, Burger', 'Indian', 'Italian']","['Savannah', 'Abu Dhabi', 'Orlando', 'Athens', 'Manchester', 'Edinburgh']"
PRE8266ba,USER3b48e86c,"['Dubai', 'Istanbul', 'New York']","['HOTe2489d', 'HOTabff8f', 'HOT179af9']","['RESTO8b1c60', 'RESTO3e2212', 'RESTO91daaa']","['US-Bangla Airlines', 'Kuwait Airways']",Visa Required,900-999€,250-299€,"['Indian', 'Mediterranean, Italian, Thai, European', 'Indian, Rajasthani']","['Athens', 'Manchester', 'Orlando', 'Edinburgh', 'Ankara']"
PRE919e0a,USER71228475,"['London', 'Istanbul']","['HOTc87b68', 'HOTbdde71', 'HOTb6818d']","['RESTO3c208c', 'RESTO33b6b9', 'RESTO78189b']","['Etihad Airways', 'Air Arabia']",Visa Required,1100-1199€,200-249€,"['American, Burger', 'Italian', 'Chinese, Dim Sum']","['Las Vegas', 'Edinburgh', 'Savannah']"
PREc6c4dd,USERb5b49b2d,['New York'],[],[],['Thai Airways'],Visa Required,3000-3099€,,[],"['Orlando', 'Las Vegas', 'Edinburgh', 'Istanbul', 'İstanbul', 'London']"
PREd077ff,USER47f2c0dc,['New York'],[],[],['Saudia'],Visa Required,1100-1199€,,[],"['Sharjah', 'Manchester', 'Dubai', 'Savannah', 'Istanbul', 'Albany', 'Athens', 'İstanbul']"
